olat;olon;ref;nlat;nlon
49.09033389;16.98091294;VY011;49.0854365;16.9746694
