olat;olon;ref;nlat;nlon
49.09033389;16.98091294;VY011;49.0854365;16.9746694
48.92863;15.98530;ZN016;48.9300804;15.9825571
